ProductID,ProductCategoryName,Model
707,Accessories,"Sport-100 Helmet, Red"
707,Accessories,"Sport-100 Helmet, Red"
707,Accessories,"Sport-100 Helmet, Red"
707,Accessories,"Sport-100 Helmet, Red"
707,Accessories,"Sport-100 Helmet, Red"
707,Accessories,"Sport-100 Helmet, Red"
708,Accessories,"Sport-100 Helmet, Black"
708,Accessories,"Sport-100 Helmet, Black"
708,Accessories,"Sport-100 Helmet, Black"
708,Accessories,"Sport-100 Helmet, Black"
708,Accessories,"Sport-100 Helmet, Black"
708,Accessories,"Sport-100 Helmet, Black"
711,Accessories,"Sport-100 Helmet, Blue"
711,Accessories,"Sport-100 Helmet, Blue"
711,Accessories,"Sport-100 Helmet, Blue"
711,Accessories,"Sport-100 Helmet, Blue"
711,Accessories,"Sport-100 Helmet, Blue"
711,Accessories,"Sport-100 Helmet, Blue"
842,Accessories,"Touring-Panniers, Large"
842,Accessories,"Touring-Panniers, Large"
842,Accessories,"Touring-Panniers, Large"
842,Accessories,"Touring-Panniers, Large"
842,Accessories,"Touring-Panniers, Large"
842,Accessories,"Touring-Panniers, Large"
843,Accessories,Cable Lock
843,Accessories,Cable Lock
843,Accessories,Cable Lock
843,Accessories,Cable Lock
843,Accessories,Cable Lock
843,Accessories,Cable Lock
844,Accessories,Minipump
844,Accessories,Minipump
844,Accessories,Minipump
844,Accessories,Minipump
844,Accessories,Minipump
844,Accessories,Minipump
845,Accessories,Mountain Pump
845,Accessories,Mountain Pump
845,Accessories,Mountain Pump
845,Accessories,Mountain Pump
845,Accessories,Mountain Pump
845,Accessories,Mountain Pump
846,Accessories,Taillights - Battery-Powered
846,Accessories,Taillights - Battery-Powered
846,Accessories,Taillights - Battery-Powered
846,Accessories,Taillights - Battery-Powered
846,Accessories,Taillights - Battery-Powered
846,Accessories,Taillights - Battery-Powered
847,Accessories,Headlights - Dual-Beam
847,Accessories,Headlights - Dual-Beam
847,Accessories,Headlights - Dual-Beam
847,Accessories,Headlights - Dual-Beam
847,Accessories,Headlights - Dual-Beam
847,Accessories,Headlights - Dual-Beam
848,Accessories,Headlights - Weatherproof
848,Accessories,Headlights - Weatherproof
848,Accessories,Headlights - Weatherproof
848,Accessories,Headlights - Weatherproof
848,Accessories,Headlights - Weatherproof
848,Accessories,Headlights - Weatherproof
870,Accessories,Water Bottle - 30 oz.
870,Accessories,Water Bottle - 30 oz.
870,Accessories,Water Bottle - 30 oz.
870,Accessories,Water Bottle - 30 oz.
870,Accessories,Water Bottle - 30 oz.
870,Accessories,Water Bottle - 30 oz.
871,Accessories,Mountain Bottle Cage
871,Accessories,Mountain Bottle Cage
871,Accessories,Mountain Bottle Cage
871,Accessories,Mountain Bottle Cage
871,Accessories,Mountain Bottle Cage
871,Accessories,Mountain Bottle Cage
872,Accessories,Road Bottle Cage
872,Accessories,Road Bottle Cage
872,Accessories,Road Bottle Cage
872,Accessories,Road Bottle Cage
872,Accessories,Road Bottle Cage
872,Accessories,Road Bottle Cage
873,Accessories,Patch Kit/8 Patches
873,Accessories,Patch Kit/8 Patches
873,Accessories,Patch Kit/8 Patches
873,Accessories,Patch Kit/8 Patches
873,Accessories,Patch Kit/8 Patches
873,Accessories,Patch Kit/8 Patches
876,Accessories,Hitch Rack - 4-Bike
876,Accessories,Hitch Rack - 4-Bike
876,Accessories,Hitch Rack - 4-Bike
876,Accessories,Hitch Rack - 4-Bike
876,Accessories,Hitch Rack - 4-Bike
876,Accessories,Hitch Rack - 4-Bike
877,Accessories,Bike Wash - Dissolver
877,Accessories,Bike Wash - Dissolver
877,Accessories,Bike Wash - Dissolver
877,Accessories,Bike Wash - Dissolver
877,Accessories,Bike Wash - Dissolver
877,Accessories,Bike Wash - Dissolver
878,Accessories,Fender Set - Mountain
878,Accessories,Fender Set - Mountain
878,Accessories,Fender Set - Mountain
878,Accessories,Fender Set - Mountain
878,Accessories,Fender Set - Mountain
878,Accessories,Fender Set - Mountain
879,Accessories,All-Purpose Bike Stand
879,Accessories,All-Purpose Bike Stand
879,Accessories,All-Purpose Bike Stand
879,Accessories,All-Purpose Bike Stand
879,Accessories,All-Purpose Bike Stand
879,Accessories,All-Purpose Bike Stand
921,Accessories,Mountain Tire Tube
921,Accessories,Mountain Tire Tube
921,Accessories,Mountain Tire Tube
921,Accessories,Mountain Tire Tube
921,Accessories,Mountain Tire Tube
921,Accessories,Mountain Tire Tube
922,Accessories,Road Tire Tube
922,Accessories,Road Tire Tube
922,Accessories,Road Tire Tube
922,Accessories,Road Tire Tube
922,Accessories,Road Tire Tube
922,Accessories,Road Tire Tube
923,Accessories,Touring Tire Tube
923,Accessories,Touring Tire Tube
923,Accessories,Touring Tire Tube
923,Accessories,Touring Tire Tube
923,Accessories,Touring Tire Tube
923,Accessories,Touring Tire Tube
928,Accessories,LL Mountain Tire
928,Accessories,LL Mountain Tire
928,Accessories,LL Mountain Tire
928,Accessories,LL Mountain Tire
928,Accessories,LL Mountain Tire
928,Accessories,LL Mountain Tire
929,Accessories,ML Mountain Tire
929,Accessories,ML Mountain Tire
929,Accessories,ML Mountain Tire
929,Accessories,ML Mountain Tire
929,Accessories,ML Mountain Tire
929,Accessories,ML Mountain Tire
930,Accessories,HL Mountain Tire
930,Accessories,HL Mountain Tire
930,Accessories,HL Mountain Tire
930,Accessories,HL Mountain Tire
930,Accessories,HL Mountain Tire
930,Accessories,HL Mountain Tire
931,Accessories,LL Road Tire
931,Accessories,LL Road Tire
931,Accessories,LL Road Tire
931,Accessories,LL Road Tire
931,Accessories,LL Road Tire
931,Accessories,LL Road Tire
932,Accessories,ML Road Tire
932,Accessories,ML Road Tire
932,Accessories,ML Road Tire
932,Accessories,ML Road Tire
932,Accessories,ML Road Tire
932,Accessories,ML Road Tire
933,Accessories,HL Road Tire
933,Accessories,HL Road Tire
933,Accessories,HL Road Tire
933,Accessories,HL Road Tire
933,Accessories,HL Road Tire
933,Accessories,HL Road Tire
934,Accessories,Touring Tire
934,Accessories,Touring Tire
934,Accessories,Touring Tire
934,Accessories,Touring Tire
934,Accessories,Touring Tire
934,Accessories,Touring Tire
880,Accessories,Hydration Pack - 70 oz.
880,Accessories,Hydration Pack - 70 oz.
880,Accessories,Hydration Pack - 70 oz.
880,Accessories,Hydration Pack - 70 oz.
880,Accessories,Hydration Pack - 70 oz.
880,Accessories,Hydration Pack - 70 oz.
712,Clothing,AWC Logo Cap
712,Clothing,AWC Logo Cap
712,Clothing,AWC Logo Cap
712,Clothing,AWC Logo Cap
712,Clothing,AWC Logo Cap
712,Clothing,AWC Logo Cap
709,Clothing,"Mountain Bike Socks, M"
709,Clothing,"Mountain Bike Socks, M"
709,Clothing,"Mountain Bike Socks, M"
709,Clothing,"Mountain Bike Socks, M"
709,Clothing,"Mountain Bike Socks, M"
709,Clothing,"Mountain Bike Socks, M"
710,Clothing,"Mountain Bike Socks, L"
710,Clothing,"Mountain Bike Socks, L"
710,Clothing,"Mountain Bike Socks, L"
710,Clothing,"Mountain Bike Socks, L"
710,Clothing,"Mountain Bike Socks, L"
710,Clothing,"Mountain Bike Socks, L"
713,Clothing,"Long-Sleeve Logo Jersey, S"
713,Clothing,"Long-Sleeve Logo Jersey, S"
713,Clothing,"Long-Sleeve Logo Jersey, S"
713,Clothing,"Long-Sleeve Logo Jersey, S"
713,Clothing,"Long-Sleeve Logo Jersey, S"
713,Clothing,"Long-Sleeve Logo Jersey, S"
714,Clothing,"Long-Sleeve Logo Jersey, M"
714,Clothing,"Long-Sleeve Logo Jersey, M"
714,Clothing,"Long-Sleeve Logo Jersey, M"
714,Clothing,"Long-Sleeve Logo Jersey, M"
714,Clothing,"Long-Sleeve Logo Jersey, M"
714,Clothing,"Long-Sleeve Logo Jersey, M"
715,Clothing,"Long-Sleeve Logo Jersey, L"
715,Clothing,"Long-Sleeve Logo Jersey, L"
715,Clothing,"Long-Sleeve Logo Jersey, L"
715,Clothing,"Long-Sleeve Logo Jersey, L"
715,Clothing,"Long-Sleeve Logo Jersey, L"
715,Clothing,"Long-Sleeve Logo Jersey, L"
716,Clothing,"Long-Sleeve Logo Jersey, XL"
716,Clothing,"Long-Sleeve Logo Jersey, XL"
716,Clothing,"Long-Sleeve Logo Jersey, XL"
716,Clothing,"Long-Sleeve Logo Jersey, XL"
716,Clothing,"Long-Sleeve Logo Jersey, XL"
716,Clothing,"Long-Sleeve Logo Jersey, XL"
841,Clothing,"Men's Sports Shorts, S"
841,Clothing,"Men's Sports Shorts, S"
841,Clothing,"Men's Sports Shorts, S"
841,Clothing,"Men's Sports Shorts, S"
841,Clothing,"Men's Sports Shorts, S"
841,Clothing,"Men's Sports Shorts, S"
849,Clothing,"Men's Sports Shorts, M"
849,Clothing,"Men's Sports Shorts, M"
849,Clothing,"Men's Sports Shorts, M"
849,Clothing,"Men's Sports Shorts, M"
849,Clothing,"Men's Sports Shorts, M"
849,Clothing,"Men's Sports Shorts, M"
850,Clothing,"Men's Sports Shorts, L"
850,Clothing,"Men's Sports Shorts, L"
850,Clothing,"Men's Sports Shorts, L"
850,Clothing,"Men's Sports Shorts, L"
850,Clothing,"Men's Sports Shorts, L"
850,Clothing,"Men's Sports Shorts, L"
851,Clothing,"Men's Sports Shorts, XL"
851,Clothing,"Men's Sports Shorts, XL"
851,Clothing,"Men's Sports Shorts, XL"
851,Clothing,"Men's Sports Shorts, XL"
851,Clothing,"Men's Sports Shorts, XL"
851,Clothing,"Men's Sports Shorts, XL"
852,Clothing,"Women's Tights, S"
852,Clothing,"Women's Tights, S"
852,Clothing,"Women's Tights, S"
852,Clothing,"Women's Tights, S"
852,Clothing,"Women's Tights, S"
852,Clothing,"Women's Tights, S"
853,Clothing,"Women's Tights, M"
853,Clothing,"Women's Tights, M"
853,Clothing,"Women's Tights, M"
853,Clothing,"Women's Tights, M"
853,Clothing,"Women's Tights, M"
853,Clothing,"Women's Tights, M"
854,Clothing,"Women's Tights, L"
854,Clothing,"Women's Tights, L"
854,Clothing,"Women's Tights, L"
854,Clothing,"Women's Tights, L"
854,Clothing,"Women's Tights, L"
854,Clothing,"Women's Tights, L"
855,Clothing,"Men's Bib-Shorts, S"
855,Clothing,"Men's Bib-Shorts, S"
855,Clothing,"Men's Bib-Shorts, S"
855,Clothing,"Men's Bib-Shorts, S"
855,Clothing,"Men's Bib-Shorts, S"
855,Clothing,"Men's Bib-Shorts, S"
856,Clothing,"Men's Bib-Shorts, M"
856,Clothing,"Men's Bib-Shorts, M"
856,Clothing,"Men's Bib-Shorts, M"
856,Clothing,"Men's Bib-Shorts, M"
856,Clothing,"Men's Bib-Shorts, M"
856,Clothing,"Men's Bib-Shorts, M"
857,Clothing,"Men's Bib-Shorts, L"
857,Clothing,"Men's Bib-Shorts, L"
857,Clothing,"Men's Bib-Shorts, L"
857,Clothing,"Men's Bib-Shorts, L"
857,Clothing,"Men's Bib-Shorts, L"
857,Clothing,"Men's Bib-Shorts, L"
858,Clothing,"Half-Finger Gloves, S"
858,Clothing,"Half-Finger Gloves, S"
858,Clothing,"Half-Finger Gloves, S"
858,Clothing,"Half-Finger Gloves, S"
858,Clothing,"Half-Finger Gloves, S"
858,Clothing,"Half-Finger Gloves, S"
859,Clothing,"Half-Finger Gloves, M"
859,Clothing,"Half-Finger Gloves, M"
859,Clothing,"Half-Finger Gloves, M"
859,Clothing,"Half-Finger Gloves, M"
859,Clothing,"Half-Finger Gloves, M"
859,Clothing,"Half-Finger Gloves, M"
860,Clothing,"Half-Finger Gloves, L"
860,Clothing,"Half-Finger Gloves, L"
860,Clothing,"Half-Finger Gloves, L"
860,Clothing,"Half-Finger Gloves, L"
860,Clothing,"Half-Finger Gloves, L"
860,Clothing,"Half-Finger Gloves, L"
861,Clothing,"Full-Finger Gloves, S"
861,Clothing,"Full-Finger Gloves, S"
861,Clothing,"Full-Finger Gloves, S"
861,Clothing,"Full-Finger Gloves, S"
861,Clothing,"Full-Finger Gloves, S"
861,Clothing,"Full-Finger Gloves, S"
862,Clothing,"Full-Finger Gloves, M"
862,Clothing,"Full-Finger Gloves, M"
862,Clothing,"Full-Finger Gloves, M"
862,Clothing,"Full-Finger Gloves, M"
862,Clothing,"Full-Finger Gloves, M"
862,Clothing,"Full-Finger Gloves, M"
863,Clothing,"Full-Finger Gloves, L"
863,Clothing,"Full-Finger Gloves, L"
863,Clothing,"Full-Finger Gloves, L"
863,Clothing,"Full-Finger Gloves, L"
863,Clothing,"Full-Finger Gloves, L"
863,Clothing,"Full-Finger Gloves, L"
864,Clothing,"Classic Vest, S"
864,Clothing,"Classic Vest, S"
864,Clothing,"Classic Vest, S"
864,Clothing,"Classic Vest, S"
864,Clothing,"Classic Vest, S"
864,Clothing,"Classic Vest, S"
865,Clothing,"Classic Vest, M"
865,Clothing,"Classic Vest, M"
865,Clothing,"Classic Vest, M"
865,Clothing,"Classic Vest, M"
865,Clothing,"Classic Vest, M"
865,Clothing,"Classic Vest, M"
866,Clothing,"Classic Vest, L"
866,Clothing,"Classic Vest, L"
866,Clothing,"Classic Vest, L"
866,Clothing,"Classic Vest, L"
866,Clothing,"Classic Vest, L"
866,Clothing,"Classic Vest, L"
867,Clothing,"Women's Mountain Shorts, S"
867,Clothing,"Women's Mountain Shorts, S"
867,Clothing,"Women's Mountain Shorts, S"
867,Clothing,"Women's Mountain Shorts, S"
867,Clothing,"Women's Mountain Shorts, S"
867,Clothing,"Women's Mountain Shorts, S"
868,Clothing,"Women's Mountain Shorts, M"
868,Clothing,"Women's Mountain Shorts, M"
868,Clothing,"Women's Mountain Shorts, M"
868,Clothing,"Women's Mountain Shorts, M"
868,Clothing,"Women's Mountain Shorts, M"
868,Clothing,"Women's Mountain Shorts, M"
869,Clothing,"Women's Mountain Shorts, L"
869,Clothing,"Women's Mountain Shorts, L"
869,Clothing,"Women's Mountain Shorts, L"
869,Clothing,"Women's Mountain Shorts, L"
869,Clothing,"Women's Mountain Shorts, L"
869,Clothing,"Women's Mountain Shorts, L"
874,Clothing,"Racing Socks, M"
874,Clothing,"Racing Socks, M"
874,Clothing,"Racing Socks, M"
874,Clothing,"Racing Socks, M"
874,Clothing,"Racing Socks, M"
874,Clothing,"Racing Socks, M"
875,Clothing,"Racing Socks, L"
875,Clothing,"Racing Socks, L"
875,Clothing,"Racing Socks, L"
875,Clothing,"Racing Socks, L"
875,Clothing,"Racing Socks, L"
875,Clothing,"Racing Socks, L"
881,Clothing,"Short-Sleeve Classic Jersey, S"
881,Clothing,"Short-Sleeve Classic Jersey, S"
881,Clothing,"Short-Sleeve Classic Jersey, S"
881,Clothing,"Short-Sleeve Classic Jersey, S"
881,Clothing,"Short-Sleeve Classic Jersey, S"
881,Clothing,"Short-Sleeve Classic Jersey, S"
882,Clothing,"Short-Sleeve Classic Jersey, M"
882,Clothing,"Short-Sleeve Classic Jersey, M"
882,Clothing,"Short-Sleeve Classic Jersey, M"
882,Clothing,"Short-Sleeve Classic Jersey, M"
882,Clothing,"Short-Sleeve Classic Jersey, M"
882,Clothing,"Short-Sleeve Classic Jersey, M"
883,Clothing,"Short-Sleeve Classic Jersey, L"
883,Clothing,"Short-Sleeve Classic Jersey, L"
883,Clothing,"Short-Sleeve Classic Jersey, L"
883,Clothing,"Short-Sleeve Classic Jersey, L"
883,Clothing,"Short-Sleeve Classic Jersey, L"
883,Clothing,"Short-Sleeve Classic Jersey, L"
884,Clothing,"Short-Sleeve Classic Jersey, XL"
884,Clothing,"Short-Sleeve Classic Jersey, XL"
884,Clothing,"Short-Sleeve Classic Jersey, XL"
884,Clothing,"Short-Sleeve Classic Jersey, XL"
884,Clothing,"Short-Sleeve Classic Jersey, XL"
884,Clothing,"Short-Sleeve Classic Jersey, XL"
1,,Adjustable Race
2,,Bearing Ball
323,,Crown Race
325,,Decal 1
326,,Decal 2
341,,Flat Washer 1
342,,Flat Washer 6
343,,Flat Washer 2
344,,Flat Washer 9
345,,Flat Washer 4
346,,Flat Washer 3
347,,Flat Washer 8
348,,Flat Washer 5
349,,Flat Washer 7
359,,Thin-Jam Hex Nut 9
360,,Thin-Jam Hex Nut 10
361,,Thin-Jam Hex Nut 1
362,,Thin-Jam Hex Nut 2
363,,Thin-Jam Hex Nut 15
364,,Thin-Jam Hex Nut 16
365,,Thin-Jam Hex Nut 5
366,,Thin-Jam Hex Nut 6
367,,Thin-Jam Hex Nut 3
368,,Thin-Jam Hex Nut 4
369,,Thin-Jam Hex Nut 13
370,,Thin-Jam Hex Nut 14
371,,Thin-Jam Hex Nut 7
372,,Thin-Jam Hex Nut 8
373,,Thin-Jam Hex Nut 12
374,,Thin-Jam Hex Nut 11
375,,Hex Nut 5
376,,Hex Nut 6
377,,Hex Nut 16
378,,Hex Nut 17
379,,Hex Nut 7
380,,Hex Nut 8
381,,Hex Nut 9
382,,Hex Nut 22
383,,Hex Nut 23
384,,Hex Nut 12
385,,Hex Nut 13
386,,Hex Nut 1
387,,Hex Nut 10
388,,Hex Nut 11
389,,Hex Nut 2
390,,Hex Nut 20
391,,Hex Nut 21
392,,Hex Nut 3
393,,Hex Nut 14
394,,Hex Nut 15
395,,Hex Nut 4
396,,Hex Nut 18
397,,Hex Nut 19
402,,Keyed Washer
403,,External Lock Washer 3
404,,External Lock Washer 4
405,,External Lock Washer 9
406,,External Lock Washer 5
407,,External Lock Washer 7
408,,External Lock Washer 6
409,,External Lock Washer 1
410,,External Lock Washer 8
411,,External Lock Washer 2
412,,Internal Lock Washer 3
413,,Internal Lock Washer 4
414,,Internal Lock Washer 9
415,,Internal Lock Washer 5
416,,Internal Lock Washer 7
417,,Internal Lock Washer 6
418,,Internal Lock Washer 10
419,,Internal Lock Washer 1
420,,Internal Lock Washer 8
421,,Internal Lock Washer 2
422,,Thin-Jam Lock Nut 9
423,,Thin-Jam Lock Nut 10
424,,Thin-Jam Lock Nut 1
425,,Thin-Jam Lock Nut 2
426,,Thin-Jam Lock Nut 15
427,,Thin-Jam Lock Nut 16
428,,Thin-Jam Lock Nut 5
429,,Thin-Jam Lock Nut 6
430,,Thin-Jam Lock Nut 3
431,,Thin-Jam Lock Nut 4
432,,Thin-Jam Lock Nut 13
433,,Thin-Jam Lock Nut 14
434,,Thin-Jam Lock Nut 7
435,,Thin-Jam Lock Nut 8
436,,Thin-Jam Lock Nut 12
437,,Thin-Jam Lock Nut 11
438,,Lock Nut 5
439,,Lock Nut 6
440,,Lock Nut 16
441,,Lock Nut 17
442,,Lock Nut 7
443,,Lock Nut 8
444,,Lock Nut 9
445,,Lock Nut 22
446,,Lock Nut 23
447,,Lock Nut 12
448,,Lock Nut 13
449,,Lock Nut 1
450,,Lock Nut 10
451,,Lock Nut 11
452,,Lock Nut 2
453,,Lock Nut 20
454,,Lock Nut 21
455,,Lock Nut 3
456,,Lock Nut 14
457,,Lock Nut 15
458,,Lock Nut 4
459,,Lock Nut 19
460,,Lock Nut 18
462,,Lower Head Race
463,,Lock Washer 4
464,,Lock Washer 5
465,,Lock Washer 10
466,,Lock Washer 6
467,,Lock Washer 13
468,,Lock Washer 8
469,,Lock Washer 1
470,,Lock Washer 7
471,,Lock Washer 12
472,,Lock Washer 2
473,,Lock Washer 9
474,,Lock Washer 3
475,,Lock Washer 11
476,,Metal Angle
477,,Metal Bar 1
478,,Metal Bar 2
479,,Metal Plate 2
480,,Metal Plate 1
481,,Metal Plate 3
482,,Metal Sheet 2
483,,Metal Sheet 3
484,,Metal Sheet 7
485,,Metal Sheet 4
486,,Metal Sheet 5
487,,Metal Sheet 6
488,,Metal Sheet 1
489,,Metal Tread Plate
491,,HL Nipple
497,,Pinch Bolt
504,,Cup-Shaped Race
505,,Cone-Shaped Race
506,,Reflector
506,,Reflector
527,,Spokes
528,,Seat Lug
324,,Chain Stays
328,,Mountain End Caps
329,,Road End Caps
330,,Touring End Caps
490,,LL Nipple
3,,BB Ball Bearing
4,,Headset Ball Bearings
316,,Blade
327,,Down Tube
331,,Fork End
350,,Fork Crown
355,,Guide Pulley
356,,LL Grip Tape
357,,ML Grip Tape
358,,HL Grip Tape
398,,Handlebar Tube
399,,Head Tube
400,,LL Hub
401,,HL Hub
492,,Paint - Black
493,,Paint - Red
494,,Paint - Silver
495,,Paint - Blue
496,,Paint - Yellow
523,,LL Spindle/Axle
524,,HL Spindle/Axle
525,,LL Shell
526,,HL Shell
529,,Stem
530,,Seat Post
531,,Steerer
532,,Seat Stays
533,,Seat Tube
534,,Top Tube
535,,Tension Pulley
317,,LL Crankarm
318,,ML Crankarm
319,,HL Crankarm
320,,Chainring Bolts
321,,Chainring Nut
322,,Chainring
332,,Freewheel
351,,Front Derailleur Cage
352,,Front Derailleur Linkage
461,,Lock Ring
679,,Rear Derailleur Cage
514,,LL Mountain Seat Assembly
515,,ML Mountain Seat Assembly
516,,HL Mountain Seat Assembly
517,,LL Road Seat Assembly
518,,ML Road Seat Assembly
519,,HL Road Seat Assembly
520,,LL Touring Seat Assembly
521,,ML Touring Seat Assembly
522,,HL Touring Seat Assembly
507,,LL Mountain Rim
508,,ML Mountain Rim
509,,HL Mountain Rim
510,,LL Road Rim
511,,ML Road Rim
512,,HL Road Rim
513,,Touring Rim
797,Bikes,"Road-550-W Yellow, 38"
797,Bikes,"Road-550-W Yellow, 38"
797,Bikes,"Road-550-W Yellow, 38"
797,Bikes,"Road-550-W Yellow, 38"
797,Bikes,"Road-550-W Yellow, 38"
797,Bikes,"Road-550-W Yellow, 38"
798,Bikes,"Road-550-W Yellow, 40"
798,Bikes,"Road-550-W Yellow, 40"
798,Bikes,"Road-550-W Yellow, 40"
798,Bikes,"Road-550-W Yellow, 40"
798,Bikes,"Road-550-W Yellow, 40"
798,Bikes,"Road-550-W Yellow, 40"
799,Bikes,"Road-550-W Yellow, 42"
799,Bikes,"Road-550-W Yellow, 42"
799,Bikes,"Road-550-W Yellow, 42"
799,Bikes,"Road-550-W Yellow, 42"
799,Bikes,"Road-550-W Yellow, 42"
799,Bikes,"Road-550-W Yellow, 42"
800,Bikes,"Road-550-W Yellow, 44"
800,Bikes,"Road-550-W Yellow, 44"
800,Bikes,"Road-550-W Yellow, 44"
800,Bikes,"Road-550-W Yellow, 44"
800,Bikes,"Road-550-W Yellow, 44"
800,Bikes,"Road-550-W Yellow, 44"
801,Bikes,"Road-550-W Yellow, 48"
801,Bikes,"Road-550-W Yellow, 48"
801,Bikes,"Road-550-W Yellow, 48"
801,Bikes,"Road-550-W Yellow, 48"
801,Bikes,"Road-550-W Yellow, 48"
801,Bikes,"Road-550-W Yellow, 48"
973,Bikes,"Road-350-W Yellow, 40"
973,Bikes,"Road-350-W Yellow, 40"
973,Bikes,"Road-350-W Yellow, 40"
973,Bikes,"Road-350-W Yellow, 40"
973,Bikes,"Road-350-W Yellow, 40"
973,Bikes,"Road-350-W Yellow, 40"
974,Bikes,"Road-350-W Yellow, 42"
974,Bikes,"Road-350-W Yellow, 42"
974,Bikes,"Road-350-W Yellow, 42"
974,Bikes,"Road-350-W Yellow, 42"
974,Bikes,"Road-350-W Yellow, 42"
974,Bikes,"Road-350-W Yellow, 42"
975,Bikes,"Road-350-W Yellow, 44"
975,Bikes,"Road-350-W Yellow, 44"
975,Bikes,"Road-350-W Yellow, 44"
975,Bikes,"Road-350-W Yellow, 44"
975,Bikes,"Road-350-W Yellow, 44"
975,Bikes,"Road-350-W Yellow, 44"
976,Bikes,"Road-350-W Yellow, 48"
976,Bikes,"Road-350-W Yellow, 48"
976,Bikes,"Road-350-W Yellow, 48"
976,Bikes,"Road-350-W Yellow, 48"
976,Bikes,"Road-350-W Yellow, 48"
976,Bikes,"Road-350-W Yellow, 48"
980,Bikes,"Mountain-400-W Silver, 38"
980,Bikes,"Mountain-400-W Silver, 38"
980,Bikes,"Mountain-400-W Silver, 38"
980,Bikes,"Mountain-400-W Silver, 38"
980,Bikes,"Mountain-400-W Silver, 38"
980,Bikes,"Mountain-400-W Silver, 38"
981,Bikes,"Mountain-400-W Silver, 40"
981,Bikes,"Mountain-400-W Silver, 40"
981,Bikes,"Mountain-400-W Silver, 40"
981,Bikes,"Mountain-400-W Silver, 40"
981,Bikes,"Mountain-400-W Silver, 40"
981,Bikes,"Mountain-400-W Silver, 40"
982,Bikes,"Mountain-400-W Silver, 42"
982,Bikes,"Mountain-400-W Silver, 42"
982,Bikes,"Mountain-400-W Silver, 42"
982,Bikes,"Mountain-400-W Silver, 42"
982,Bikes,"Mountain-400-W Silver, 42"
982,Bikes,"Mountain-400-W Silver, 42"
983,Bikes,"Mountain-400-W Silver, 46"
983,Bikes,"Mountain-400-W Silver, 46"
983,Bikes,"Mountain-400-W Silver, 46"
983,Bikes,"Mountain-400-W Silver, 46"
983,Bikes,"Mountain-400-W Silver, 46"
983,Bikes,"Mountain-400-W Silver, 46"
749,Bikes,"Road-150 Red, 62"
749,Bikes,"Road-150 Red, 62"
749,Bikes,"Road-150 Red, 62"
749,Bikes,"Road-150 Red, 62"
749,Bikes,"Road-150 Red, 62"
749,Bikes,"Road-150 Red, 62"
750,Bikes,"Road-150 Red, 44"
750,Bikes,"Road-150 Red, 44"
750,Bikes,"Road-150 Red, 44"
750,Bikes,"Road-150 Red, 44"
750,Bikes,"Road-150 Red, 44"
750,Bikes,"Road-150 Red, 44"
751,Bikes,"Road-150 Red, 48"
751,Bikes,"Road-150 Red, 48"
751,Bikes,"Road-150 Red, 48"
751,Bikes,"Road-150 Red, 48"
751,Bikes,"Road-150 Red, 48"
751,Bikes,"Road-150 Red, 48"
752,Bikes,"Road-150 Red, 52"
752,Bikes,"Road-150 Red, 52"
752,Bikes,"Road-150 Red, 52"
752,Bikes,"Road-150 Red, 52"
752,Bikes,"Road-150 Red, 52"
752,Bikes,"Road-150 Red, 52"
753,Bikes,"Road-150 Red, 56"
753,Bikes,"Road-150 Red, 56"
753,Bikes,"Road-150 Red, 56"
753,Bikes,"Road-150 Red, 56"
753,Bikes,"Road-150 Red, 56"
753,Bikes,"Road-150 Red, 56"
754,Bikes,"Road-450 Red, 58"
754,Bikes,"Road-450 Red, 58"
754,Bikes,"Road-450 Red, 58"
754,Bikes,"Road-450 Red, 58"
754,Bikes,"Road-450 Red, 58"
754,Bikes,"Road-450 Red, 58"
755,Bikes,"Road-450 Red, 60"
755,Bikes,"Road-450 Red, 60"
755,Bikes,"Road-450 Red, 60"
755,Bikes,"Road-450 Red, 60"
755,Bikes,"Road-450 Red, 60"
755,Bikes,"Road-450 Red, 60"
756,Bikes,"Road-450 Red, 44"
756,Bikes,"Road-450 Red, 44"
756,Bikes,"Road-450 Red, 44"
756,Bikes,"Road-450 Red, 44"
756,Bikes,"Road-450 Red, 44"
756,Bikes,"Road-450 Red, 44"
757,Bikes,"Road-450 Red, 48"
757,Bikes,"Road-450 Red, 48"
757,Bikes,"Road-450 Red, 48"
757,Bikes,"Road-450 Red, 48"
757,Bikes,"Road-450 Red, 48"
757,Bikes,"Road-450 Red, 48"
758,Bikes,"Road-450 Red, 52"
758,Bikes,"Road-450 Red, 52"
758,Bikes,"Road-450 Red, 52"
758,Bikes,"Road-450 Red, 52"
758,Bikes,"Road-450 Red, 52"
758,Bikes,"Road-450 Red, 52"
759,Bikes,"Road-650 Red, 58"
759,Bikes,"Road-650 Red, 58"
759,Bikes,"Road-650 Red, 58"
759,Bikes,"Road-650 Red, 58"
759,Bikes,"Road-650 Red, 58"
759,Bikes,"Road-650 Red, 58"
760,Bikes,"Road-650 Red, 60"
760,Bikes,"Road-650 Red, 60"
760,Bikes,"Road-650 Red, 60"
760,Bikes,"Road-650 Red, 60"
760,Bikes,"Road-650 Red, 60"
760,Bikes,"Road-650 Red, 60"
761,Bikes,"Road-650 Red, 62"
761,Bikes,"Road-650 Red, 62"
761,Bikes,"Road-650 Red, 62"
761,Bikes,"Road-650 Red, 62"
761,Bikes,"Road-650 Red, 62"
761,Bikes,"Road-650 Red, 62"
762,Bikes,"Road-650 Red, 44"
762,Bikes,"Road-650 Red, 44"
762,Bikes,"Road-650 Red, 44"
762,Bikes,"Road-650 Red, 44"
762,Bikes,"Road-650 Red, 44"
762,Bikes,"Road-650 Red, 44"
763,Bikes,"Road-650 Red, 48"
763,Bikes,"Road-650 Red, 48"
763,Bikes,"Road-650 Red, 48"
763,Bikes,"Road-650 Red, 48"
763,Bikes,"Road-650 Red, 48"
763,Bikes,"Road-650 Red, 48"
764,Bikes,"Road-650 Red, 52"
764,Bikes,"Road-650 Red, 52"
764,Bikes,"Road-650 Red, 52"
764,Bikes,"Road-650 Red, 52"
764,Bikes,"Road-650 Red, 52"
764,Bikes,"Road-650 Red, 52"
765,Bikes,"Road-650 Black, 58"
765,Bikes,"Road-650 Black, 58"
765,Bikes,"Road-650 Black, 58"
765,Bikes,"Road-650 Black, 58"
765,Bikes,"Road-650 Black, 58"
765,Bikes,"Road-650 Black, 58"
766,Bikes,"Road-650 Black, 60"
766,Bikes,"Road-650 Black, 60"
766,Bikes,"Road-650 Black, 60"
766,Bikes,"Road-650 Black, 60"
766,Bikes,"Road-650 Black, 60"
766,Bikes,"Road-650 Black, 60"
767,Bikes,"Road-650 Black, 62"
767,Bikes,"Road-650 Black, 62"
767,Bikes,"Road-650 Black, 62"
767,Bikes,"Road-650 Black, 62"
767,Bikes,"Road-650 Black, 62"
767,Bikes,"Road-650 Black, 62"
768,Bikes,"Road-650 Black, 44"
768,Bikes,"Road-650 Black, 44"
768,Bikes,"Road-650 Black, 44"
768,Bikes,"Road-650 Black, 44"
768,Bikes,"Road-650 Black, 44"
768,Bikes,"Road-650 Black, 44"
769,Bikes,"Road-650 Black, 48"
769,Bikes,"Road-650 Black, 48"
769,Bikes,"Road-650 Black, 48"
769,Bikes,"Road-650 Black, 48"
769,Bikes,"Road-650 Black, 48"
769,Bikes,"Road-650 Black, 48"
770,Bikes,"Road-650 Black, 52"
770,Bikes,"Road-650 Black, 52"
770,Bikes,"Road-650 Black, 52"
770,Bikes,"Road-650 Black, 52"
770,Bikes,"Road-650 Black, 52"
770,Bikes,"Road-650 Black, 52"
771,Bikes,"Mountain-100 Silver, 38"
771,Bikes,"Mountain-100 Silver, 38"
771,Bikes,"Mountain-100 Silver, 38"
771,Bikes,"Mountain-100 Silver, 38"
771,Bikes,"Mountain-100 Silver, 38"
771,Bikes,"Mountain-100 Silver, 38"
772,Bikes,"Mountain-100 Silver, 42"
772,Bikes,"Mountain-100 Silver, 42"
772,Bikes,"Mountain-100 Silver, 42"
772,Bikes,"Mountain-100 Silver, 42"
772,Bikes,"Mountain-100 Silver, 42"
772,Bikes,"Mountain-100 Silver, 42"
773,Bikes,"Mountain-100 Silver, 44"
773,Bikes,"Mountain-100 Silver, 44"
773,Bikes,"Mountain-100 Silver, 44"
773,Bikes,"Mountain-100 Silver, 44"
773,Bikes,"Mountain-100 Silver, 44"
773,Bikes,"Mountain-100 Silver, 44"
774,Bikes,"Mountain-100 Silver, 48"
774,Bikes,"Mountain-100 Silver, 48"
774,Bikes,"Mountain-100 Silver, 48"
774,Bikes,"Mountain-100 Silver, 48"
774,Bikes,"Mountain-100 Silver, 48"
774,Bikes,"Mountain-100 Silver, 48"
775,Bikes,"Mountain-100 Black, 38"
775,Bikes,"Mountain-100 Black, 38"
775,Bikes,"Mountain-100 Black, 38"
775,Bikes,"Mountain-100 Black, 38"
775,Bikes,"Mountain-100 Black, 38"
775,Bikes,"Mountain-100 Black, 38"
776,Bikes,"Mountain-100 Black, 42"
776,Bikes,"Mountain-100 Black, 42"
776,Bikes,"Mountain-100 Black, 42"
776,Bikes,"Mountain-100 Black, 42"
776,Bikes,"Mountain-100 Black, 42"
776,Bikes,"Mountain-100 Black, 42"
777,Bikes,"Mountain-100 Black, 44"
777,Bikes,"Mountain-100 Black, 44"
777,Bikes,"Mountain-100 Black, 44"
777,Bikes,"Mountain-100 Black, 44"
777,Bikes,"Mountain-100 Black, 44"
777,Bikes,"Mountain-100 Black, 44"
778,Bikes,"Mountain-100 Black, 48"
778,Bikes,"Mountain-100 Black, 48"
778,Bikes,"Mountain-100 Black, 48"
778,Bikes,"Mountain-100 Black, 48"
778,Bikes,"Mountain-100 Black, 48"
778,Bikes,"Mountain-100 Black, 48"
779,Bikes,"Mountain-200 Silver, 38"
779,Bikes,"Mountain-200 Silver, 38"
779,Bikes,"Mountain-200 Silver, 38"
779,Bikes,"Mountain-200 Silver, 38"
779,Bikes,"Mountain-200 Silver, 38"
779,Bikes,"Mountain-200 Silver, 38"
780,Bikes,"Mountain-200 Silver, 42"
780,Bikes,"Mountain-200 Silver, 42"
780,Bikes,"Mountain-200 Silver, 42"
780,Bikes,"Mountain-200 Silver, 42"
780,Bikes,"Mountain-200 Silver, 42"
780,Bikes,"Mountain-200 Silver, 42"
781,Bikes,"Mountain-200 Silver, 46"
781,Bikes,"Mountain-200 Silver, 46"
781,Bikes,"Mountain-200 Silver, 46"
781,Bikes,"Mountain-200 Silver, 46"
781,Bikes,"Mountain-200 Silver, 46"
781,Bikes,"Mountain-200 Silver, 46"
782,Bikes,"Mountain-200 Black, 38"
782,Bikes,"Mountain-200 Black, 38"
782,Bikes,"Mountain-200 Black, 38"
782,Bikes,"Mountain-200 Black, 38"
782,Bikes,"Mountain-200 Black, 38"
782,Bikes,"Mountain-200 Black, 38"
783,Bikes,"Mountain-200 Black, 42"
783,Bikes,"Mountain-200 Black, 42"
783,Bikes,"Mountain-200 Black, 42"
783,Bikes,"Mountain-200 Black, 42"
783,Bikes,"Mountain-200 Black, 42"
783,Bikes,"Mountain-200 Black, 42"
784,Bikes,"Mountain-200 Black, 46"
784,Bikes,"Mountain-200 Black, 46"
784,Bikes,"Mountain-200 Black, 46"
784,Bikes,"Mountain-200 Black, 46"
784,Bikes,"Mountain-200 Black, 46"
784,Bikes,"Mountain-200 Black, 46"
785,Bikes,"Mountain-300 Black, 38"
785,Bikes,"Mountain-300 Black, 38"
785,Bikes,"Mountain-300 Black, 38"
785,Bikes,"Mountain-300 Black, 38"
785,Bikes,"Mountain-300 Black, 38"
785,Bikes,"Mountain-300 Black, 38"
786,Bikes,"Mountain-300 Black, 40"
786,Bikes,"Mountain-300 Black, 40"
786,Bikes,"Mountain-300 Black, 40"
786,Bikes,"Mountain-300 Black, 40"
786,Bikes,"Mountain-300 Black, 40"
786,Bikes,"Mountain-300 Black, 40"
787,Bikes,"Mountain-300 Black, 44"
787,Bikes,"Mountain-300 Black, 44"
787,Bikes,"Mountain-300 Black, 44"
787,Bikes,"Mountain-300 Black, 44"
787,Bikes,"Mountain-300 Black, 44"
787,Bikes,"Mountain-300 Black, 44"
788,Bikes,"Mountain-300 Black, 48"
788,Bikes,"Mountain-300 Black, 48"
788,Bikes,"Mountain-300 Black, 48"
788,Bikes,"Mountain-300 Black, 48"
788,Bikes,"Mountain-300 Black, 48"
788,Bikes,"Mountain-300 Black, 48"
789,Bikes,"Road-250 Red, 44"
789,Bikes,"Road-250 Red, 44"
789,Bikes,"Road-250 Red, 44"
789,Bikes,"Road-250 Red, 44"
789,Bikes,"Road-250 Red, 44"
789,Bikes,"Road-250 Red, 44"
790,Bikes,"Road-250 Red, 48"
790,Bikes,"Road-250 Red, 48"
790,Bikes,"Road-250 Red, 48"
790,Bikes,"Road-250 Red, 48"
790,Bikes,"Road-250 Red, 48"
790,Bikes,"Road-250 Red, 48"
791,Bikes,"Road-250 Red, 52"
791,Bikes,"Road-250 Red, 52"
791,Bikes,"Road-250 Red, 52"
791,Bikes,"Road-250 Red, 52"
791,Bikes,"Road-250 Red, 52"
791,Bikes,"Road-250 Red, 52"
792,Bikes,"Road-250 Red, 58"
792,Bikes,"Road-250 Red, 58"
792,Bikes,"Road-250 Red, 58"
792,Bikes,"Road-250 Red, 58"
792,Bikes,"Road-250 Red, 58"
792,Bikes,"Road-250 Red, 58"
793,Bikes,"Road-250 Black, 44"
793,Bikes,"Road-250 Black, 44"
793,Bikes,"Road-250 Black, 44"
793,Bikes,"Road-250 Black, 44"
793,Bikes,"Road-250 Black, 44"
793,Bikes,"Road-250 Black, 44"
794,Bikes,"Road-250 Black, 48"
794,Bikes,"Road-250 Black, 48"
794,Bikes,"Road-250 Black, 48"
794,Bikes,"Road-250 Black, 48"
794,Bikes,"Road-250 Black, 48"
794,Bikes,"Road-250 Black, 48"
795,Bikes,"Road-250 Black, 52"
795,Bikes,"Road-250 Black, 52"
795,Bikes,"Road-250 Black, 52"
795,Bikes,"Road-250 Black, 52"
795,Bikes,"Road-250 Black, 52"
795,Bikes,"Road-250 Black, 52"
796,Bikes,"Road-250 Black, 58"
796,Bikes,"Road-250 Black, 58"
796,Bikes,"Road-250 Black, 58"
796,Bikes,"Road-250 Black, 58"
796,Bikes,"Road-250 Black, 58"
796,Bikes,"Road-250 Black, 58"
953,Bikes,"Touring-2000 Blue, 60"
953,Bikes,"Touring-2000 Blue, 60"
953,Bikes,"Touring-2000 Blue, 60"
953,Bikes,"Touring-2000 Blue, 60"
953,Bikes,"Touring-2000 Blue, 60"
953,Bikes,"Touring-2000 Blue, 60"
954,Bikes,"Touring-1000 Yellow, 46"
954,Bikes,"Touring-1000 Yellow, 46"
954,Bikes,"Touring-1000 Yellow, 46"
954,Bikes,"Touring-1000 Yellow, 46"
954,Bikes,"Touring-1000 Yellow, 46"
954,Bikes,"Touring-1000 Yellow, 46"
955,Bikes,"Touring-1000 Yellow, 50"
955,Bikes,"Touring-1000 Yellow, 50"
955,Bikes,"Touring-1000 Yellow, 50"
955,Bikes,"Touring-1000 Yellow, 50"
955,Bikes,"Touring-1000 Yellow, 50"
955,Bikes,"Touring-1000 Yellow, 50"
956,Bikes,"Touring-1000 Yellow, 54"
956,Bikes,"Touring-1000 Yellow, 54"
956,Bikes,"Touring-1000 Yellow, 54"
956,Bikes,"Touring-1000 Yellow, 54"
956,Bikes,"Touring-1000 Yellow, 54"
956,Bikes,"Touring-1000 Yellow, 54"
957,Bikes,"Touring-1000 Yellow, 60"
957,Bikes,"Touring-1000 Yellow, 60"
957,Bikes,"Touring-1000 Yellow, 60"
957,Bikes,"Touring-1000 Yellow, 60"
957,Bikes,"Touring-1000 Yellow, 60"
957,Bikes,"Touring-1000 Yellow, 60"
958,Bikes,"Touring-3000 Blue, 54"
958,Bikes,"Touring-3000 Blue, 54"
958,Bikes,"Touring-3000 Blue, 54"
958,Bikes,"Touring-3000 Blue, 54"
958,Bikes,"Touring-3000 Blue, 54"
958,Bikes,"Touring-3000 Blue, 54"
959,Bikes,"Touring-3000 Blue, 58"
959,Bikes,"Touring-3000 Blue, 58"
959,Bikes,"Touring-3000 Blue, 58"
959,Bikes,"Touring-3000 Blue, 58"
959,Bikes,"Touring-3000 Blue, 58"
959,Bikes,"Touring-3000 Blue, 58"
960,Bikes,"Touring-3000 Blue, 62"
960,Bikes,"Touring-3000 Blue, 62"
960,Bikes,"Touring-3000 Blue, 62"
960,Bikes,"Touring-3000 Blue, 62"
960,Bikes,"Touring-3000 Blue, 62"
960,Bikes,"Touring-3000 Blue, 62"
961,Bikes,"Touring-3000 Yellow, 44"
961,Bikes,"Touring-3000 Yellow, 44"
961,Bikes,"Touring-3000 Yellow, 44"
961,Bikes,"Touring-3000 Yellow, 44"
961,Bikes,"Touring-3000 Yellow, 44"
961,Bikes,"Touring-3000 Yellow, 44"
962,Bikes,"Touring-3000 Yellow, 50"
962,Bikes,"Touring-3000 Yellow, 50"
962,Bikes,"Touring-3000 Yellow, 50"
962,Bikes,"Touring-3000 Yellow, 50"
962,Bikes,"Touring-3000 Yellow, 50"
962,Bikes,"Touring-3000 Yellow, 50"
963,Bikes,"Touring-3000 Yellow, 54"
963,Bikes,"Touring-3000 Yellow, 54"
963,Bikes,"Touring-3000 Yellow, 54"
963,Bikes,"Touring-3000 Yellow, 54"
963,Bikes,"Touring-3000 Yellow, 54"
963,Bikes,"Touring-3000 Yellow, 54"
964,Bikes,"Touring-3000 Yellow, 58"
964,Bikes,"Touring-3000 Yellow, 58"
964,Bikes,"Touring-3000 Yellow, 58"
964,Bikes,"Touring-3000 Yellow, 58"
964,Bikes,"Touring-3000 Yellow, 58"
964,Bikes,"Touring-3000 Yellow, 58"
965,Bikes,"Touring-3000 Yellow, 62"
965,Bikes,"Touring-3000 Yellow, 62"
965,Bikes,"Touring-3000 Yellow, 62"
965,Bikes,"Touring-3000 Yellow, 62"
965,Bikes,"Touring-3000 Yellow, 62"
965,Bikes,"Touring-3000 Yellow, 62"
966,Bikes,"Touring-1000 Blue, 46"
966,Bikes,"Touring-1000 Blue, 46"
966,Bikes,"Touring-1000 Blue, 46"
966,Bikes,"Touring-1000 Blue, 46"
966,Bikes,"Touring-1000 Blue, 46"
966,Bikes,"Touring-1000 Blue, 46"
967,Bikes,"Touring-1000 Blue, 50"
967,Bikes,"Touring-1000 Blue, 50"
967,Bikes,"Touring-1000 Blue, 50"
967,Bikes,"Touring-1000 Blue, 50"
967,Bikes,"Touring-1000 Blue, 50"
967,Bikes,"Touring-1000 Blue, 50"
968,Bikes,"Touring-1000 Blue, 54"
968,Bikes,"Touring-1000 Blue, 54"
968,Bikes,"Touring-1000 Blue, 54"
968,Bikes,"Touring-1000 Blue, 54"
968,Bikes,"Touring-1000 Blue, 54"
968,Bikes,"Touring-1000 Blue, 54"
969,Bikes,"Touring-1000 Blue, 60"
969,Bikes,"Touring-1000 Blue, 60"
969,Bikes,"Touring-1000 Blue, 60"
969,Bikes,"Touring-1000 Blue, 60"
969,Bikes,"Touring-1000 Blue, 60"
969,Bikes,"Touring-1000 Blue, 60"
970,Bikes,"Touring-2000 Blue, 46"
970,Bikes,"Touring-2000 Blue, 46"
970,Bikes,"Touring-2000 Blue, 46"
970,Bikes,"Touring-2000 Blue, 46"
970,Bikes,"Touring-2000 Blue, 46"
970,Bikes,"Touring-2000 Blue, 46"
971,Bikes,"Touring-2000 Blue, 50"
971,Bikes,"Touring-2000 Blue, 50"
971,Bikes,"Touring-2000 Blue, 50"
971,Bikes,"Touring-2000 Blue, 50"
971,Bikes,"Touring-2000 Blue, 50"
971,Bikes,"Touring-2000 Blue, 50"
972,Bikes,"Touring-2000 Blue, 54"
972,Bikes,"Touring-2000 Blue, 54"
972,Bikes,"Touring-2000 Blue, 54"
972,Bikes,"Touring-2000 Blue, 54"
972,Bikes,"Touring-2000 Blue, 54"
972,Bikes,"Touring-2000 Blue, 54"
977,Bikes,"Road-750 Black, 58"
977,Bikes,"Road-750 Black, 58"
977,Bikes,"Road-750 Black, 58"
977,Bikes,"Road-750 Black, 58"
977,Bikes,"Road-750 Black, 58"
977,Bikes,"Road-750 Black, 58"
978,Bikes,"Touring-3000 Blue, 44"
978,Bikes,"Touring-3000 Blue, 44"
978,Bikes,"Touring-3000 Blue, 44"
978,Bikes,"Touring-3000 Blue, 44"
978,Bikes,"Touring-3000 Blue, 44"
978,Bikes,"Touring-3000 Blue, 44"
979,Bikes,"Touring-3000 Blue, 50"
979,Bikes,"Touring-3000 Blue, 50"
979,Bikes,"Touring-3000 Blue, 50"
979,Bikes,"Touring-3000 Blue, 50"
979,Bikes,"Touring-3000 Blue, 50"
979,Bikes,"Touring-3000 Blue, 50"
984,Bikes,"Mountain-500 Silver, 40"
984,Bikes,"Mountain-500 Silver, 40"
984,Bikes,"Mountain-500 Silver, 40"
984,Bikes,"Mountain-500 Silver, 40"
984,Bikes,"Mountain-500 Silver, 40"
984,Bikes,"Mountain-500 Silver, 40"
985,Bikes,"Mountain-500 Silver, 42"
985,Bikes,"Mountain-500 Silver, 42"
985,Bikes,"Mountain-500 Silver, 42"
985,Bikes,"Mountain-500 Silver, 42"
985,Bikes,"Mountain-500 Silver, 42"
985,Bikes,"Mountain-500 Silver, 42"
986,Bikes,"Mountain-500 Silver, 44"
986,Bikes,"Mountain-500 Silver, 44"
986,Bikes,"Mountain-500 Silver, 44"
986,Bikes,"Mountain-500 Silver, 44"
986,Bikes,"Mountain-500 Silver, 44"
986,Bikes,"Mountain-500 Silver, 44"
987,Bikes,"Mountain-500 Silver, 48"
987,Bikes,"Mountain-500 Silver, 48"
987,Bikes,"Mountain-500 Silver, 48"
987,Bikes,"Mountain-500 Silver, 48"
987,Bikes,"Mountain-500 Silver, 48"
987,Bikes,"Mountain-500 Silver, 48"
988,Bikes,"Mountain-500 Silver, 52"
988,Bikes,"Mountain-500 Silver, 52"
988,Bikes,"Mountain-500 Silver, 52"
988,Bikes,"Mountain-500 Silver, 52"
988,Bikes,"Mountain-500 Silver, 52"
988,Bikes,"Mountain-500 Silver, 52"
989,Bikes,"Mountain-500 Black, 40"
989,Bikes,"Mountain-500 Black, 40"
989,Bikes,"Mountain-500 Black, 40"
989,Bikes,"Mountain-500 Black, 40"
989,Bikes,"Mountain-500 Black, 40"
989,Bikes,"Mountain-500 Black, 40"
990,Bikes,"Mountain-500 Black, 42"
990,Bikes,"Mountain-500 Black, 42"
990,Bikes,"Mountain-500 Black, 42"
990,Bikes,"Mountain-500 Black, 42"
990,Bikes,"Mountain-500 Black, 42"
990,Bikes,"Mountain-500 Black, 42"
991,Bikes,"Mountain-500 Black, 44"
991,Bikes,"Mountain-500 Black, 44"
991,Bikes,"Mountain-500 Black, 44"
991,Bikes,"Mountain-500 Black, 44"
991,Bikes,"Mountain-500 Black, 44"
991,Bikes,"Mountain-500 Black, 44"
992,Bikes,"Mountain-500 Black, 48"
992,Bikes,"Mountain-500 Black, 48"
992,Bikes,"Mountain-500 Black, 48"
992,Bikes,"Mountain-500 Black, 48"
992,Bikes,"Mountain-500 Black, 48"
992,Bikes,"Mountain-500 Black, 48"
993,Bikes,"Mountain-500 Black, 52"
993,Bikes,"Mountain-500 Black, 52"
993,Bikes,"Mountain-500 Black, 52"
993,Bikes,"Mountain-500 Black, 52"
993,Bikes,"Mountain-500 Black, 52"
993,Bikes,"Mountain-500 Black, 52"
997,Bikes,"Road-750 Black, 44"
997,Bikes,"Road-750 Black, 44"
997,Bikes,"Road-750 Black, 44"
997,Bikes,"Road-750 Black, 44"
997,Bikes,"Road-750 Black, 44"
997,Bikes,"Road-750 Black, 44"
998,Bikes,"Road-750 Black, 48"
998,Bikes,"Road-750 Black, 48"
998,Bikes,"Road-750 Black, 48"
998,Bikes,"Road-750 Black, 48"
998,Bikes,"Road-750 Black, 48"
998,Bikes,"Road-750 Black, 48"
999,Bikes,"Road-750 Black, 52"
999,Bikes,"Road-750 Black, 52"
999,Bikes,"Road-750 Black, 52"
999,Bikes,"Road-750 Black, 52"
999,Bikes,"Road-750 Black, 52"
999,Bikes,"Road-750 Black, 52"
802,Components,LL Fork
802,Components,LL Fork
802,Components,LL Fork
802,Components,LL Fork
802,Components,LL Fork
802,Components,LL Fork
803,Components,ML Fork
803,Components,ML Fork
803,Components,ML Fork
803,Components,ML Fork
803,Components,ML Fork
803,Components,ML Fork
804,Components,HL Fork
804,Components,HL Fork
804,Components,HL Fork
804,Components,HL Fork
804,Components,HL Fork
804,Components,HL Fork
805,Components,LL Headset
805,Components,LL Headset
805,Components,LL Headset
805,Components,LL Headset
805,Components,LL Headset
805,Components,LL Headset
806,Components,ML Headset
806,Components,ML Headset
806,Components,ML Headset
806,Components,ML Headset
806,Components,ML Headset
806,Components,ML Headset
807,Components,HL Headset
807,Components,HL Headset
807,Components,HL Headset
807,Components,HL Headset
807,Components,HL Headset
807,Components,HL Headset
808,Components,LL Mountain Handlebars
808,Components,LL Mountain Handlebars
808,Components,LL Mountain Handlebars
808,Components,LL Mountain Handlebars
808,Components,LL Mountain Handlebars
808,Components,LL Mountain Handlebars
809,Components,ML Mountain Handlebars
809,Components,ML Mountain Handlebars
809,Components,ML Mountain Handlebars
809,Components,ML Mountain Handlebars
809,Components,ML Mountain Handlebars
809,Components,ML Mountain Handlebars
810,Components,HL Mountain Handlebars
810,Components,HL Mountain Handlebars
810,Components,HL Mountain Handlebars
810,Components,HL Mountain Handlebars
810,Components,HL Mountain Handlebars
810,Components,HL Mountain Handlebars
811,Components,LL Road Handlebars
811,Components,LL Road Handlebars
811,Components,LL Road Handlebars
811,Components,LL Road Handlebars
811,Components,LL Road Handlebars
811,Components,LL Road Handlebars
812,Components,ML Road Handlebars
812,Components,ML Road Handlebars
812,Components,ML Road Handlebars
812,Components,ML Road Handlebars
812,Components,ML Road Handlebars
812,Components,ML Road Handlebars
813,Components,HL Road Handlebars
813,Components,HL Road Handlebars
813,Components,HL Road Handlebars
813,Components,HL Road Handlebars
813,Components,HL Road Handlebars
813,Components,HL Road Handlebars
815,Components,LL Mountain Front Wheel
815,Components,LL Mountain Front Wheel
815,Components,LL Mountain Front Wheel
815,Components,LL Mountain Front Wheel
815,Components,LL Mountain Front Wheel
815,Components,LL Mountain Front Wheel
816,Components,ML Mountain Front Wheel
816,Components,ML Mountain Front Wheel
816,Components,ML Mountain Front Wheel
816,Components,ML Mountain Front Wheel
816,Components,ML Mountain Front Wheel
816,Components,ML Mountain Front Wheel
817,Components,HL Mountain Front Wheel
817,Components,HL Mountain Front Wheel
817,Components,HL Mountain Front Wheel
817,Components,HL Mountain Front Wheel
817,Components,HL Mountain Front Wheel
817,Components,HL Mountain Front Wheel
821,Components,Touring Front Wheel
821,Components,Touring Front Wheel
821,Components,Touring Front Wheel
821,Components,Touring Front Wheel
821,Components,Touring Front Wheel
821,Components,Touring Front Wheel
823,Components,LL Mountain Rear Wheel
823,Components,LL Mountain Rear Wheel
823,Components,LL Mountain Rear Wheel
823,Components,LL Mountain Rear Wheel
823,Components,LL Mountain Rear Wheel
823,Components,LL Mountain Rear Wheel
824,Components,ML Mountain Rear Wheel
824,Components,ML Mountain Rear Wheel
824,Components,ML Mountain Rear Wheel
824,Components,ML Mountain Rear Wheel
824,Components,ML Mountain Rear Wheel
824,Components,ML Mountain Rear Wheel
825,Components,HL Mountain Rear Wheel
825,Components,HL Mountain Rear Wheel
825,Components,HL Mountain Rear Wheel
825,Components,HL Mountain Rear Wheel
825,Components,HL Mountain Rear Wheel
825,Components,HL Mountain Rear Wheel
829,Components,Touring Rear Wheel
829,Components,Touring Rear Wheel
829,Components,Touring Rear Wheel
829,Components,Touring Rear Wheel
829,Components,Touring Rear Wheel
829,Components,Touring Rear Wheel
908,Components,LL Mountain Seat/Saddle
908,Components,LL Mountain Seat/Saddle
908,Components,LL Mountain Seat/Saddle
908,Components,LL Mountain Seat/Saddle
908,Components,LL Mountain Seat/Saddle
908,Components,LL Mountain Seat/Saddle
909,Components,ML Mountain Seat/Saddle
909,Components,ML Mountain Seat/Saddle
909,Components,ML Mountain Seat/Saddle
909,Components,ML Mountain Seat/Saddle
909,Components,ML Mountain Seat/Saddle
909,Components,ML Mountain Seat/Saddle
910,Components,HL Mountain Seat/Saddle
910,Components,HL Mountain Seat/Saddle
910,Components,HL Mountain Seat/Saddle
910,Components,HL Mountain Seat/Saddle
910,Components,HL Mountain Seat/Saddle
910,Components,HL Mountain Seat/Saddle
911,Components,LL Road Seat/Saddle
911,Components,LL Road Seat/Saddle
911,Components,LL Road Seat/Saddle
911,Components,LL Road Seat/Saddle
911,Components,LL Road Seat/Saddle
911,Components,LL Road Seat/Saddle
912,Components,ML Road Seat/Saddle
912,Components,ML Road Seat/Saddle
912,Components,ML Road Seat/Saddle
912,Components,ML Road Seat/Saddle
912,Components,ML Road Seat/Saddle
912,Components,ML Road Seat/Saddle
913,Components,HL Road Seat/Saddle
913,Components,HL Road Seat/Saddle
913,Components,HL Road Seat/Saddle
913,Components,HL Road Seat/Saddle
913,Components,HL Road Seat/Saddle
913,Components,HL Road Seat/Saddle
914,Components,LL Touring Seat/Saddle
914,Components,LL Touring Seat/Saddle
914,Components,LL Touring Seat/Saddle
914,Components,LL Touring Seat/Saddle
914,Components,LL Touring Seat/Saddle
914,Components,LL Touring Seat/Saddle
915,Components,ML Touring Seat/Saddle
915,Components,ML Touring Seat/Saddle
915,Components,ML Touring Seat/Saddle
915,Components,ML Touring Seat/Saddle
915,Components,ML Touring Seat/Saddle
915,Components,ML Touring Seat/Saddle
916,Components,HL Touring Seat/Saddle
916,Components,HL Touring Seat/Saddle
916,Components,HL Touring Seat/Saddle
916,Components,HL Touring Seat/Saddle
916,Components,HL Touring Seat/Saddle
916,Components,HL Touring Seat/Saddle
941,Components,Touring Pedal
941,Components,Touring Pedal
941,Components,Touring Pedal
941,Components,Touring Pedal
941,Components,Touring Pedal
941,Components,Touring Pedal
952,Components,Chain
952,Components,Chain
952,Components,Chain
952,Components,Chain
952,Components,Chain
952,Components,Chain
818,Components,LL Road Front Wheel
818,Components,LL Road Front Wheel
818,Components,LL Road Front Wheel
818,Components,LL Road Front Wheel
818,Components,LL Road Front Wheel
818,Components,LL Road Front Wheel
819,Components,ML Road Front Wheel
819,Components,ML Road Front Wheel
819,Components,ML Road Front Wheel
819,Components,ML Road Front Wheel
819,Components,ML Road Front Wheel
819,Components,ML Road Front Wheel
820,Components,HL Road Front Wheel
820,Components,HL Road Front Wheel
820,Components,HL Road Front Wheel
820,Components,HL Road Front Wheel
820,Components,HL Road Front Wheel
820,Components,HL Road Front Wheel
826,Components,LL Road Rear Wheel
826,Components,LL Road Rear Wheel
826,Components,LL Road Rear Wheel
826,Components,LL Road Rear Wheel
826,Components,LL Road Rear Wheel
826,Components,LL Road Rear Wheel
827,Components,ML Road Rear Wheel
827,Components,ML Road Rear Wheel
827,Components,ML Road Rear Wheel
827,Components,ML Road Rear Wheel
827,Components,ML Road Rear Wheel
827,Components,ML Road Rear Wheel
828,Components,HL Road Rear Wheel
828,Components,HL Road Rear Wheel
828,Components,HL Road Rear Wheel
828,Components,HL Road Rear Wheel
828,Components,HL Road Rear Wheel
828,Components,HL Road Rear Wheel
894,Components,Rear Derailleur
894,Components,Rear Derailleur
894,Components,Rear Derailleur
894,Components,Rear Derailleur
894,Components,Rear Derailleur
894,Components,Rear Derailleur
907,Components,Rear Brakes
935,Components,LL Mountain Pedal
935,Components,LL Mountain Pedal
935,Components,LL Mountain Pedal
935,Components,LL Mountain Pedal
935,Components,LL Mountain Pedal
935,Components,LL Mountain Pedal
936,Components,ML Mountain Pedal
936,Components,ML Mountain Pedal
936,Components,ML Mountain Pedal
936,Components,ML Mountain Pedal
936,Components,ML Mountain Pedal
936,Components,ML Mountain Pedal
938,Components,LL Road Pedal
938,Components,LL Road Pedal
938,Components,LL Road Pedal
938,Components,LL Road Pedal
938,Components,LL Road Pedal
938,Components,LL Road Pedal
939,Components,ML Road Pedal
939,Components,ML Road Pedal
939,Components,ML Road Pedal
939,Components,ML Road Pedal
939,Components,ML Road Pedal
939,Components,ML Road Pedal
940,Components,HL Road Pedal
940,Components,HL Road Pedal
940,Components,HL Road Pedal
940,Components,HL Road Pedal
940,Components,HL Road Pedal
940,Components,HL Road Pedal
945,Components,Front Derailleur
945,Components,Front Derailleur
945,Components,Front Derailleur
945,Components,Front Derailleur
945,Components,Front Derailleur
945,Components,Front Derailleur
948,Components,Front Brakes
948,Components,Front Brakes
948,Components,Front Brakes
948,Components,Front Brakes
948,Components,Front Brakes
948,Components,Front Brakes
949,Components,LL Crankset
949,Components,LL Crankset
949,Components,LL Crankset
949,Components,LL Crankset
949,Components,LL Crankset
949,Components,LL Crankset
950,Components,ML Crankset
950,Components,ML Crankset
950,Components,ML Crankset
950,Components,ML Crankset
950,Components,ML Crankset
950,Components,ML Crankset
951,Components,HL Crankset
951,Components,HL Crankset
951,Components,HL Crankset
951,Components,HL Crankset
951,Components,HL Crankset
951,Components,HL Crankset
994,Components,LL Bottom Bracket
994,Components,LL Bottom Bracket
994,Components,LL Bottom Bracket
994,Components,LL Bottom Bracket
994,Components,LL Bottom Bracket
994,Components,LL Bottom Bracket
995,Components,ML Bottom Bracket
995,Components,ML Bottom Bracket
995,Components,ML Bottom Bracket
995,Components,ML Bottom Bracket
995,Components,ML Bottom Bracket
995,Components,ML Bottom Bracket
996,Components,HL Bottom Bracket
996,Components,HL Bottom Bracket
996,Components,HL Bottom Bracket
996,Components,HL Bottom Bracket
996,Components,HL Bottom Bracket
996,Components,HL Bottom Bracket
822,Components,"ML Road Frame-W - Yellow, 38"
822,Components,"ML Road Frame-W - Yellow, 38"
822,Components,"ML Road Frame-W - Yellow, 38"
822,Components,"ML Road Frame-W - Yellow, 38"
822,Components,"ML Road Frame-W - Yellow, 38"
822,Components,"ML Road Frame-W - Yellow, 38"
833,Components,"ML Road Frame-W - Yellow, 40"
833,Components,"ML Road Frame-W - Yellow, 40"
833,Components,"ML Road Frame-W - Yellow, 40"
833,Components,"ML Road Frame-W - Yellow, 40"
833,Components,"ML Road Frame-W - Yellow, 40"
833,Components,"ML Road Frame-W - Yellow, 40"
834,Components,"ML Road Frame-W - Yellow, 42"
834,Components,"ML Road Frame-W - Yellow, 42"
834,Components,"ML Road Frame-W - Yellow, 42"
834,Components,"ML Road Frame-W - Yellow, 42"
834,Components,"ML Road Frame-W - Yellow, 42"
834,Components,"ML Road Frame-W - Yellow, 42"
835,Components,"ML Road Frame-W - Yellow, 44"
835,Components,"ML Road Frame-W - Yellow, 44"
835,Components,"ML Road Frame-W - Yellow, 44"
835,Components,"ML Road Frame-W - Yellow, 44"
835,Components,"ML Road Frame-W - Yellow, 44"
835,Components,"ML Road Frame-W - Yellow, 44"
836,Components,"ML Road Frame-W - Yellow, 48"
836,Components,"ML Road Frame-W - Yellow, 48"
836,Components,"ML Road Frame-W - Yellow, 48"
836,Components,"ML Road Frame-W - Yellow, 48"
836,Components,"ML Road Frame-W - Yellow, 48"
836,Components,"ML Road Frame-W - Yellow, 48"
904,Components,"ML Mountain Frame-W - Silver, 40"
904,Components,"ML Mountain Frame-W - Silver, 40"
904,Components,"ML Mountain Frame-W - Silver, 40"
904,Components,"ML Mountain Frame-W - Silver, 40"
904,Components,"ML Mountain Frame-W - Silver, 40"
904,Components,"ML Mountain Frame-W - Silver, 40"
905,Components,"ML Mountain Frame-W - Silver, 42"
905,Components,"ML Mountain Frame-W - Silver, 42"
905,Components,"ML Mountain Frame-W - Silver, 42"
905,Components,"ML Mountain Frame-W - Silver, 42"
905,Components,"ML Mountain Frame-W - Silver, 42"
905,Components,"ML Mountain Frame-W - Silver, 42"
906,Components,"ML Mountain Frame-W - Silver, 46"
906,Components,"ML Mountain Frame-W - Silver, 46"
906,Components,"ML Mountain Frame-W - Silver, 46"
906,Components,"ML Mountain Frame-W - Silver, 46"
906,Components,"ML Mountain Frame-W - Silver, 46"
906,Components,"ML Mountain Frame-W - Silver, 46"
942,Components,"ML Mountain Frame-W - Silver, 38"
942,Components,"ML Mountain Frame-W - Silver, 38"
942,Components,"ML Mountain Frame-W - Silver, 38"
942,Components,"ML Mountain Frame-W - Silver, 38"
942,Components,"ML Mountain Frame-W - Silver, 38"
942,Components,"ML Mountain Frame-W - Silver, 38"
747,Components,"HL Mountain Frame - Black, 38"
747,Components,"HL Mountain Frame - Black, 38"
747,Components,"HL Mountain Frame - Black, 38"
747,Components,"HL Mountain Frame - Black, 38"
747,Components,"HL Mountain Frame - Black, 38"
747,Components,"HL Mountain Frame - Black, 38"
748,Components,"HL Mountain Frame - Silver, 38"
748,Components,"HL Mountain Frame - Silver, 38"
748,Components,"HL Mountain Frame - Silver, 38"
748,Components,"HL Mountain Frame - Silver, 38"
748,Components,"HL Mountain Frame - Silver, 38"
748,Components,"HL Mountain Frame - Silver, 38"
814,Components,"ML Mountain Frame - Black, 38"
814,Components,"ML Mountain Frame - Black, 38"
814,Components,"ML Mountain Frame - Black, 38"
814,Components,"ML Mountain Frame - Black, 38"
814,Components,"ML Mountain Frame - Black, 38"
814,Components,"ML Mountain Frame - Black, 38"
943,Components,"LL Mountain Frame - Black, 40"
943,Components,"LL Mountain Frame - Black, 40"
943,Components,"LL Mountain Frame - Black, 40"
943,Components,"LL Mountain Frame - Black, 40"
943,Components,"LL Mountain Frame - Black, 40"
943,Components,"LL Mountain Frame - Black, 40"
944,Components,"LL Mountain Frame - Silver, 40"
944,Components,"LL Mountain Frame - Silver, 40"
944,Components,"LL Mountain Frame - Silver, 40"
944,Components,"LL Mountain Frame - Silver, 40"
944,Components,"LL Mountain Frame - Silver, 40"
944,Components,"LL Mountain Frame - Silver, 40"
680,Components,"HL Road Frame - Black, 58"
680,Components,"HL Road Frame - Black, 58"
680,Components,"HL Road Frame - Black, 58"
680,Components,"HL Road Frame - Black, 58"
680,Components,"HL Road Frame - Black, 58"
680,Components,"HL Road Frame - Black, 58"
706,Components,"HL Road Frame - Red, 58"
706,Components,"HL Road Frame - Red, 58"
706,Components,"HL Road Frame - Red, 58"
706,Components,"HL Road Frame - Red, 58"
706,Components,"HL Road Frame - Red, 58"
706,Components,"HL Road Frame - Red, 58"
717,Components,"HL Road Frame - Red, 62"
717,Components,"HL Road Frame - Red, 62"
717,Components,"HL Road Frame - Red, 62"
717,Components,"HL Road Frame - Red, 62"
717,Components,"HL Road Frame - Red, 62"
717,Components,"HL Road Frame - Red, 62"
718,Components,"HL Road Frame - Red, 44"
718,Components,"HL Road Frame - Red, 44"
718,Components,"HL Road Frame - Red, 44"
718,Components,"HL Road Frame - Red, 44"
718,Components,"HL Road Frame - Red, 44"
718,Components,"HL Road Frame - Red, 44"
719,Components,"HL Road Frame - Red, 48"
719,Components,"HL Road Frame - Red, 48"
719,Components,"HL Road Frame - Red, 48"
719,Components,"HL Road Frame - Red, 48"
719,Components,"HL Road Frame - Red, 48"
719,Components,"HL Road Frame - Red, 48"
720,Components,"HL Road Frame - Red, 52"
720,Components,"HL Road Frame - Red, 52"
720,Components,"HL Road Frame - Red, 52"
720,Components,"HL Road Frame - Red, 52"
720,Components,"HL Road Frame - Red, 52"
720,Components,"HL Road Frame - Red, 52"
721,Components,"HL Road Frame - Red, 56"
721,Components,"HL Road Frame - Red, 56"
721,Components,"HL Road Frame - Red, 56"
721,Components,"HL Road Frame - Red, 56"
721,Components,"HL Road Frame - Red, 56"
721,Components,"HL Road Frame - Red, 56"
722,Components,"LL Road Frame - Black, 58"
722,Components,"LL Road Frame - Black, 58"
722,Components,"LL Road Frame - Black, 58"
722,Components,"LL Road Frame - Black, 58"
722,Components,"LL Road Frame - Black, 58"
722,Components,"LL Road Frame - Black, 58"
723,Components,"LL Road Frame - Black, 60"
723,Components,"LL Road Frame - Black, 60"
723,Components,"LL Road Frame - Black, 60"
723,Components,"LL Road Frame - Black, 60"
723,Components,"LL Road Frame - Black, 60"
723,Components,"LL Road Frame - Black, 60"
724,Components,"LL Road Frame - Black, 62"
724,Components,"LL Road Frame - Black, 62"
724,Components,"LL Road Frame - Black, 62"
724,Components,"LL Road Frame - Black, 62"
724,Components,"LL Road Frame - Black, 62"
724,Components,"LL Road Frame - Black, 62"
725,Components,"LL Road Frame - Red, 44"
725,Components,"LL Road Frame - Red, 44"
725,Components,"LL Road Frame - Red, 44"
725,Components,"LL Road Frame - Red, 44"
725,Components,"LL Road Frame - Red, 44"
725,Components,"LL Road Frame - Red, 44"
726,Components,"LL Road Frame - Red, 48"
726,Components,"LL Road Frame - Red, 48"
726,Components,"LL Road Frame - Red, 48"
726,Components,"LL Road Frame - Red, 48"
726,Components,"LL Road Frame - Red, 48"
726,Components,"LL Road Frame - Red, 48"
727,Components,"LL Road Frame - Red, 52"
727,Components,"LL Road Frame - Red, 52"
727,Components,"LL Road Frame - Red, 52"
727,Components,"LL Road Frame - Red, 52"
727,Components,"LL Road Frame - Red, 52"
727,Components,"LL Road Frame - Red, 52"
728,Components,"LL Road Frame - Red, 58"
728,Components,"LL Road Frame - Red, 58"
728,Components,"LL Road Frame - Red, 58"
728,Components,"LL Road Frame - Red, 58"
728,Components,"LL Road Frame - Red, 58"
728,Components,"LL Road Frame - Red, 58"
729,Components,"LL Road Frame - Red, 60"
729,Components,"LL Road Frame - Red, 60"
729,Components,"LL Road Frame - Red, 60"
729,Components,"LL Road Frame - Red, 60"
729,Components,"LL Road Frame - Red, 60"
729,Components,"LL Road Frame - Red, 60"
730,Components,"LL Road Frame - Red, 62"
730,Components,"LL Road Frame - Red, 62"
730,Components,"LL Road Frame - Red, 62"
730,Components,"LL Road Frame - Red, 62"
730,Components,"LL Road Frame - Red, 62"
730,Components,"LL Road Frame - Red, 62"
731,Components,"ML Road Frame - Red, 44"
731,Components,"ML Road Frame - Red, 44"
731,Components,"ML Road Frame - Red, 44"
731,Components,"ML Road Frame - Red, 44"
731,Components,"ML Road Frame - Red, 44"
731,Components,"ML Road Frame - Red, 44"
732,Components,"ML Road Frame - Red, 48"
732,Components,"ML Road Frame - Red, 48"
732,Components,"ML Road Frame - Red, 48"
732,Components,"ML Road Frame - Red, 48"
732,Components,"ML Road Frame - Red, 48"
732,Components,"ML Road Frame - Red, 48"
733,Components,"ML Road Frame - Red, 52"
733,Components,"ML Road Frame - Red, 52"
733,Components,"ML Road Frame - Red, 52"
733,Components,"ML Road Frame - Red, 52"
733,Components,"ML Road Frame - Red, 52"
733,Components,"ML Road Frame - Red, 52"
734,Components,"ML Road Frame - Red, 58"
734,Components,"ML Road Frame - Red, 58"
734,Components,"ML Road Frame - Red, 58"
734,Components,"ML Road Frame - Red, 58"
734,Components,"ML Road Frame - Red, 58"
734,Components,"ML Road Frame - Red, 58"
735,Components,"ML Road Frame - Red, 60"
735,Components,"ML Road Frame - Red, 60"
735,Components,"ML Road Frame - Red, 60"
735,Components,"ML Road Frame - Red, 60"
735,Components,"ML Road Frame - Red, 60"
735,Components,"ML Road Frame - Red, 60"
736,Components,"LL Road Frame - Black, 44"
736,Components,"LL Road Frame - Black, 44"
736,Components,"LL Road Frame - Black, 44"
736,Components,"LL Road Frame - Black, 44"
736,Components,"LL Road Frame - Black, 44"
736,Components,"LL Road Frame - Black, 44"
737,Components,"LL Road Frame - Black, 48"
737,Components,"LL Road Frame - Black, 48"
737,Components,"LL Road Frame - Black, 48"
737,Components,"LL Road Frame - Black, 48"
737,Components,"LL Road Frame - Black, 48"
737,Components,"LL Road Frame - Black, 48"
738,Components,"LL Road Frame - Black, 52"
738,Components,"LL Road Frame - Black, 52"
738,Components,"LL Road Frame - Black, 52"
738,Components,"LL Road Frame - Black, 52"
738,Components,"LL Road Frame - Black, 52"
738,Components,"LL Road Frame - Black, 52"
739,Components,"HL Mountain Frame - Silver, 42"
739,Components,"HL Mountain Frame - Silver, 42"
739,Components,"HL Mountain Frame - Silver, 42"
739,Components,"HL Mountain Frame - Silver, 42"
739,Components,"HL Mountain Frame - Silver, 42"
739,Components,"HL Mountain Frame - Silver, 42"
740,Components,"HL Mountain Frame - Silver, 44"
740,Components,"HL Mountain Frame - Silver, 44"
740,Components,"HL Mountain Frame - Silver, 44"
740,Components,"HL Mountain Frame - Silver, 44"
740,Components,"HL Mountain Frame - Silver, 44"
740,Components,"HL Mountain Frame - Silver, 44"
741,Components,"HL Mountain Frame - Silver, 48"
741,Components,"HL Mountain Frame - Silver, 48"
741,Components,"HL Mountain Frame - Silver, 48"
741,Components,"HL Mountain Frame - Silver, 48"
741,Components,"HL Mountain Frame - Silver, 48"
741,Components,"HL Mountain Frame - Silver, 48"
742,Components,"HL Mountain Frame - Silver, 46"
742,Components,"HL Mountain Frame - Silver, 46"
742,Components,"HL Mountain Frame - Silver, 46"
742,Components,"HL Mountain Frame - Silver, 46"
742,Components,"HL Mountain Frame - Silver, 46"
742,Components,"HL Mountain Frame - Silver, 46"
743,Components,"HL Mountain Frame - Black, 42"
743,Components,"HL Mountain Frame - Black, 42"
743,Components,"HL Mountain Frame - Black, 42"
743,Components,"HL Mountain Frame - Black, 42"
743,Components,"HL Mountain Frame - Black, 42"
743,Components,"HL Mountain Frame - Black, 42"
744,Components,"HL Mountain Frame - Black, 44"
744,Components,"HL Mountain Frame - Black, 44"
744,Components,"HL Mountain Frame - Black, 44"
744,Components,"HL Mountain Frame - Black, 44"
744,Components,"HL Mountain Frame - Black, 44"
744,Components,"HL Mountain Frame - Black, 44"
745,Components,"HL Mountain Frame - Black, 48"
745,Components,"HL Mountain Frame - Black, 48"
745,Components,"HL Mountain Frame - Black, 48"
745,Components,"HL Mountain Frame - Black, 48"
745,Components,"HL Mountain Frame - Black, 48"
745,Components,"HL Mountain Frame - Black, 48"
746,Components,"HL Mountain Frame - Black, 46"
746,Components,"HL Mountain Frame - Black, 46"
746,Components,"HL Mountain Frame - Black, 46"
746,Components,"HL Mountain Frame - Black, 46"
746,Components,"HL Mountain Frame - Black, 46"
746,Components,"HL Mountain Frame - Black, 46"
830,Components,"ML Mountain Frame - Black, 40"
830,Components,"ML Mountain Frame - Black, 40"
830,Components,"ML Mountain Frame - Black, 40"
830,Components,"ML Mountain Frame - Black, 40"
830,Components,"ML Mountain Frame - Black, 40"
830,Components,"ML Mountain Frame - Black, 40"
831,Components,"ML Mountain Frame - Black, 44"
831,Components,"ML Mountain Frame - Black, 44"
831,Components,"ML Mountain Frame - Black, 44"
831,Components,"ML Mountain Frame - Black, 44"
831,Components,"ML Mountain Frame - Black, 44"
831,Components,"ML Mountain Frame - Black, 44"
832,Components,"ML Mountain Frame - Black, 48"
832,Components,"ML Mountain Frame - Black, 48"
832,Components,"ML Mountain Frame - Black, 48"
832,Components,"ML Mountain Frame - Black, 48"
832,Components,"ML Mountain Frame - Black, 48"
832,Components,"ML Mountain Frame - Black, 48"
837,Components,"HL Road Frame - Black, 62"
837,Components,"HL Road Frame - Black, 62"
837,Components,"HL Road Frame - Black, 62"
837,Components,"HL Road Frame - Black, 62"
837,Components,"HL Road Frame - Black, 62"
837,Components,"HL Road Frame - Black, 62"
838,Components,"HL Road Frame - Black, 44"
838,Components,"HL Road Frame - Black, 44"
838,Components,"HL Road Frame - Black, 44"
838,Components,"HL Road Frame - Black, 44"
838,Components,"HL Road Frame - Black, 44"
838,Components,"HL Road Frame - Black, 44"
839,Components,"HL Road Frame - Black, 48"
839,Components,"HL Road Frame - Black, 48"
839,Components,"HL Road Frame - Black, 48"
839,Components,"HL Road Frame - Black, 48"
839,Components,"HL Road Frame - Black, 48"
839,Components,"HL Road Frame - Black, 48"
840,Components,"HL Road Frame - Black, 52"
840,Components,"HL Road Frame - Black, 52"
840,Components,"HL Road Frame - Black, 52"
840,Components,"HL Road Frame - Black, 52"
840,Components,"HL Road Frame - Black, 52"
840,Components,"HL Road Frame - Black, 52"
885,Components,"HL Touring Frame - Yellow, 60"
885,Components,"HL Touring Frame - Yellow, 60"
885,Components,"HL Touring Frame - Yellow, 60"
885,Components,"HL Touring Frame - Yellow, 60"
885,Components,"HL Touring Frame - Yellow, 60"
885,Components,"HL Touring Frame - Yellow, 60"
886,Components,"LL Touring Frame - Yellow, 62"
886,Components,"LL Touring Frame - Yellow, 62"
886,Components,"LL Touring Frame - Yellow, 62"
886,Components,"LL Touring Frame - Yellow, 62"
886,Components,"LL Touring Frame - Yellow, 62"
886,Components,"LL Touring Frame - Yellow, 62"
887,Components,"HL Touring Frame - Yellow, 46"
887,Components,"HL Touring Frame - Yellow, 46"
887,Components,"HL Touring Frame - Yellow, 46"
887,Components,"HL Touring Frame - Yellow, 46"
887,Components,"HL Touring Frame - Yellow, 46"
887,Components,"HL Touring Frame - Yellow, 46"
888,Components,"HL Touring Frame - Yellow, 50"
888,Components,"HL Touring Frame - Yellow, 50"
888,Components,"HL Touring Frame - Yellow, 50"
888,Components,"HL Touring Frame - Yellow, 50"
888,Components,"HL Touring Frame - Yellow, 50"
888,Components,"HL Touring Frame - Yellow, 50"
889,Components,"HL Touring Frame - Yellow, 54"
889,Components,"HL Touring Frame - Yellow, 54"
889,Components,"HL Touring Frame - Yellow, 54"
889,Components,"HL Touring Frame - Yellow, 54"
889,Components,"HL Touring Frame - Yellow, 54"
889,Components,"HL Touring Frame - Yellow, 54"
890,Components,"HL Touring Frame - Blue, 46"
890,Components,"HL Touring Frame - Blue, 46"
890,Components,"HL Touring Frame - Blue, 46"
890,Components,"HL Touring Frame - Blue, 46"
890,Components,"HL Touring Frame - Blue, 46"
890,Components,"HL Touring Frame - Blue, 46"
891,Components,"HL Touring Frame - Blue, 50"
891,Components,"HL Touring Frame - Blue, 50"
891,Components,"HL Touring Frame - Blue, 50"
891,Components,"HL Touring Frame - Blue, 50"
891,Components,"HL Touring Frame - Blue, 50"
891,Components,"HL Touring Frame - Blue, 50"
892,Components,"HL Touring Frame - Blue, 54"
892,Components,"HL Touring Frame - Blue, 54"
892,Components,"HL Touring Frame - Blue, 54"
892,Components,"HL Touring Frame - Blue, 54"
892,Components,"HL Touring Frame - Blue, 54"
892,Components,"HL Touring Frame - Blue, 54"
893,Components,"HL Touring Frame - Blue, 60"
893,Components,"HL Touring Frame - Blue, 60"
893,Components,"HL Touring Frame - Blue, 60"
893,Components,"HL Touring Frame - Blue, 60"
893,Components,"HL Touring Frame - Blue, 60"
893,Components,"HL Touring Frame - Blue, 60"
895,Components,"LL Touring Frame - Blue, 50"
895,Components,"LL Touring Frame - Blue, 50"
895,Components,"LL Touring Frame - Blue, 50"
895,Components,"LL Touring Frame - Blue, 50"
895,Components,"LL Touring Frame - Blue, 50"
895,Components,"LL Touring Frame - Blue, 50"
896,Components,"LL Touring Frame - Blue, 54"
896,Components,"LL Touring Frame - Blue, 54"
896,Components,"LL Touring Frame - Blue, 54"
896,Components,"LL Touring Frame - Blue, 54"
896,Components,"LL Touring Frame - Blue, 54"
896,Components,"LL Touring Frame - Blue, 54"
897,Components,"LL Touring Frame - Blue, 58"
897,Components,"LL Touring Frame - Blue, 58"
897,Components,"LL Touring Frame - Blue, 58"
897,Components,"LL Touring Frame - Blue, 58"
897,Components,"LL Touring Frame - Blue, 58"
897,Components,"LL Touring Frame - Blue, 58"
898,Components,"LL Touring Frame - Blue, 62"
898,Components,"LL Touring Frame - Blue, 62"
898,Components,"LL Touring Frame - Blue, 62"
898,Components,"LL Touring Frame - Blue, 62"
898,Components,"LL Touring Frame - Blue, 62"
898,Components,"LL Touring Frame - Blue, 62"
899,Components,"LL Touring Frame - Yellow, 44"
899,Components,"LL Touring Frame - Yellow, 44"
899,Components,"LL Touring Frame - Yellow, 44"
899,Components,"LL Touring Frame - Yellow, 44"
899,Components,"LL Touring Frame - Yellow, 44"
899,Components,"LL Touring Frame - Yellow, 44"
900,Components,"LL Touring Frame - Yellow, 50"
900,Components,"LL Touring Frame - Yellow, 50"
900,Components,"LL Touring Frame - Yellow, 50"
900,Components,"LL Touring Frame - Yellow, 50"
900,Components,"LL Touring Frame - Yellow, 50"
900,Components,"LL Touring Frame - Yellow, 50"
901,Components,"LL Touring Frame - Yellow, 54"
901,Components,"LL Touring Frame - Yellow, 54"
901,Components,"LL Touring Frame - Yellow, 54"
901,Components,"LL Touring Frame - Yellow, 54"
901,Components,"LL Touring Frame - Yellow, 54"
901,Components,"LL Touring Frame - Yellow, 54"
902,Components,"LL Touring Frame - Yellow, 58"
902,Components,"LL Touring Frame - Yellow, 58"
902,Components,"LL Touring Frame - Yellow, 58"
902,Components,"LL Touring Frame - Yellow, 58"
902,Components,"LL Touring Frame - Yellow, 58"
902,Components,"LL Touring Frame - Yellow, 58"
903,Components,"LL Touring Frame - Blue, 44"
903,Components,"LL Touring Frame - Blue, 44"
903,Components,"LL Touring Frame - Blue, 44"
903,Components,"LL Touring Frame - Blue, 44"
903,Components,"LL Touring Frame - Blue, 44"
903,Components,"LL Touring Frame - Blue, 44"
917,Components,"LL Mountain Frame - Silver, 42"
917,Components,"LL Mountain Frame - Silver, 42"
917,Components,"LL Mountain Frame - Silver, 42"
917,Components,"LL Mountain Frame - Silver, 42"
917,Components,"LL Mountain Frame - Silver, 42"
917,Components,"LL Mountain Frame - Silver, 42"
918,Components,"LL Mountain Frame - Silver, 44"
918,Components,"LL Mountain Frame - Silver, 44"
918,Components,"LL Mountain Frame - Silver, 44"
918,Components,"LL Mountain Frame - Silver, 44"
918,Components,"LL Mountain Frame - Silver, 44"
918,Components,"LL Mountain Frame - Silver, 44"
919,Components,"LL Mountain Frame - Silver, 48"
919,Components,"LL Mountain Frame - Silver, 48"
919,Components,"LL Mountain Frame - Silver, 48"
919,Components,"LL Mountain Frame - Silver, 48"
919,Components,"LL Mountain Frame - Silver, 48"
919,Components,"LL Mountain Frame - Silver, 48"
920,Components,"LL Mountain Frame - Silver, 52"
920,Components,"LL Mountain Frame - Silver, 52"
920,Components,"LL Mountain Frame - Silver, 52"
920,Components,"LL Mountain Frame - Silver, 52"
920,Components,"LL Mountain Frame - Silver, 52"
920,Components,"LL Mountain Frame - Silver, 52"
924,Components,"LL Mountain Frame - Black, 42"
924,Components,"LL Mountain Frame - Black, 42"
924,Components,"LL Mountain Frame - Black, 42"
924,Components,"LL Mountain Frame - Black, 42"
924,Components,"LL Mountain Frame - Black, 42"
924,Components,"LL Mountain Frame - Black, 42"
925,Components,"LL Mountain Frame - Black, 44"
925,Components,"LL Mountain Frame - Black, 44"
925,Components,"LL Mountain Frame - Black, 44"
925,Components,"LL Mountain Frame - Black, 44"
925,Components,"LL Mountain Frame - Black, 44"
925,Components,"LL Mountain Frame - Black, 44"
926,Components,"LL Mountain Frame - Black, 48"
926,Components,"LL Mountain Frame - Black, 48"
926,Components,"LL Mountain Frame - Black, 48"
926,Components,"LL Mountain Frame - Black, 48"
926,Components,"LL Mountain Frame - Black, 48"
926,Components,"LL Mountain Frame - Black, 48"
927,Components,"LL Mountain Frame - Black, 52"
927,Components,"LL Mountain Frame - Black, 52"
927,Components,"LL Mountain Frame - Black, 52"
927,Components,"LL Mountain Frame - Black, 52"
927,Components,"LL Mountain Frame - Black, 52"
927,Components,"LL Mountain Frame - Black, 52"
937,Components,HL Mountain Pedal
937,Components,HL Mountain Pedal
937,Components,HL Mountain Pedal
937,Components,HL Mountain Pedal
937,Components,HL Mountain Pedal
937,Components,HL Mountain Pedal
937,Components,HL Mountain Pedal
937,Components,HL Mountain Pedal
937,Components,HL Mountain Pedal
937,Components,HL Mountain Pedal
937,Components,HL Mountain Pedal
937,Components,HL Mountain Pedal
947,Components,HL Touring Handlebars
947,Components,HL Touring Handlebars
947,Components,HL Touring Handlebars
947,Components,HL Touring Handlebars
947,Components,HL Touring Handlebars
947,Components,HL Touring Handlebars
947,Components,HL Touring Handlebars
947,Components,HL Touring Handlebars
947,Components,HL Touring Handlebars
947,Components,HL Touring Handlebars
947,Components,HL Touring Handlebars
947,Components,HL Touring Handlebars
946,Components,LL Touring Handlebars
946,Components,LL Touring Handlebars
946,Components,LL Touring Handlebars
946,Components,LL Touring Handlebars
946,Components,LL Touring Handlebars
946,Components,LL Touring Handlebars
946,Components,LL Touring Handlebars
946,Components,LL Touring Handlebars
946,Components,LL Touring Handlebars
946,Components,LL Touring Handlebars
946,Components,LL Touring Handlebars
946,Components,LL Touring Handlebars